,playerID,ppm,pos
0,abrossv01w,0.4054373522458628,F
1,abrossv01w,0.3900621118012422,F
2,abrossv01w,0.4015151515151515,F
3,abrossv01w,0.316017316017316,F
4,abrossv01w,0.3912483912483912,F
5,abrossv01w,0.3632596685082873,F
6,abrossv01w,0.4092526690391459,F
7,abrossv01w,0.3177570093457944,F
8,adamsjo01w,0.34375,C
9,aguilel01w,0.3049645390070922,G
10,ajavoma01w,0.4519867549668874,G
11,ajavoma01w,0.4633730834752981,G
12,aldrima01w,0.2316176470588235,G
13,aldrima01w,0.2,G
14,alhalta01w,0.1944444444444444,F-G
15,allench01w,0.3265306122448979,G
16,amachma01w,0.3333333333333333,F
17,amachma01w,0.1702127659574468,F
18,amachma01w,0.6666666666666666,F
19,ambermo01w,0.0,F
20,anderam01w,0.0,F
21,anderam01w,0.0,F
22,anderch01w,0.2456140350877192,C
23,anderch01w,0.3333333333333333,C
24,anderch01w,0.3034379671150972,C
25,anderch01w,0.3695652173913043,C
26,anderch01w,0.3255813953488372,C
27,anderjo01w,0.2643051771117166,G
28,anderke01w,0.1728110599078341,G
29,anderke01w,0.1176470588235294,G
30,anderke01w,0.2258064516129032,G
31,andrame01w,0.3324968632371393,F
32,andrame01w,0.1702127659574468,F
33,andrame01w,0.1368421052631579,F
34,andrame01w,0.1384615384615384,F
35,anosini01w,0.3413043478260869,C
36,anosini01w,0.4419642857142857,C
37,arcaija01w,0.2743091095189355,G
38,arcaija01w,0.5121317157712305,G
39,arcaija01w,0.3261648745519713,G
40,arcaija01w,0.3433098591549295,G
41,arcaija01w,0.3169601482854495,G
42,askamma01w,0.288837744533947,C
43,askamma01w,0.1716937354988399,C
44,askamma01w,0.2837209302325581,C
45,askamma01w,0.1527777777777778,C
46,atkinla01w,0.237410071942446,G-F
47,atkinla01w,0.2566371681415929,G-F
48,atkinla01w,0.1917808219178082,G-F
49,atkinla01w,0.108695652173913,G-F
50,atunrmo01w,0.2040229885057471,G-F
51,augusse01w,0.6619217081850534,F
52,augusse01w,0.7035681610247027,F
53,augusse01w,0.5671785028790787,F
54,augusse01w,0.7078651685393258,F
55,aycocan01w,0.0,G-F
56,aycocan01w,0.0,G-F
57,azizle01w,0.2272727272727272,F
58,azzije01w,0.257602862254025,G
59,azzije01w,0.2290456431535269,G
60,azzije01w,0.2658557775847089,G
61,azzije01w,0.2288732394366197,G
62,badertr01w,0.2338308457711442,G
63,badertr01w,0.1842105263157894,G
64,badertr01w,0.106060606060606,G
65,bakersh01w,0.4087947882736156,G
66,bakersh01w,0.4126016260162601,G
67,bakersh01w,0.3846153846153846,G
68,bakersh01w,0.4454545454545454,G
69,bakersh01w,0.6363636363636364,G
70,balesal01w,0.3254437869822485,C
71,balesal01w,0.2107969151670951,C
72,balesal01w,0.2936507936507936,C
73,banchrh01w,0.2857142857142857,C
74,baranel01w,0.3841463414634146,F
75,baranel01w,0.3270588235294118,F
76,baranel01w,0.3759541984732824,F
77,baranel01w,0.3022035676810073,F
78,barksla01w,0.0571428571428571,G
79,barksla01w,0.3508771929824561,G
80,barksla01w,0.3511904761904761,G
81,barnead01w,0.4444444444444444,F
82,barnead01w,0.6666666666666666,F
83,barnead01w,0.1825557809330628,F
84,barnead01w,0.2222222222222222,F
85,barnead01w,0.1666666666666666,F
86,barnequ01w,0.2964539007092198,C
87,barnequ01w,0.296943231441048,C
88,barnequ01w,0.2307692307692307,C
89,batkosu01w,0.4316702819956616,C
90,batkosu01w,0.3197278911564626,C
91,batteja01w,0.0,F
92,batteja01w,0.2022471910112359,F
93,battlas01w,0.25,F
94,battlas01w,0.3142857142857143,F
95,battlas01w,0.332892998678996,F
96,battlas01w,0.3601190476190476,F
97,battlas01w,0.322992700729927,F
98,bauerca01w,0.1909547738693467,F-C
99,bauerca01w,0.1470588235294117,F-C
100,bauerca01w,0.1845493562231759,F-C
101,beardal01w,0.4351219512195122,G-F
102,beardal01w,0.4157635467980295,G-F
103,beardal01w,0.6177062374245473,G-F
104,beardal01w,0.5320786997433704,G-F
105,beardal01w,0.4871794871794871,G-F
106,beardal01w,0.499492385786802,G-F
107,beckki01w,0.1827956989247312,G
108,bennije01w,0.173076923076923,F
109,berthlu01w,0.5,F-C
110,berthlu01w,0.417910447761194,F-C
111,berthlu01w,0.2761194029850746,F-C
112,beviltu01w,0.1922110552763819,G
113,beviltu01w,0.1941624365482233,G
114,beviltu01w,0.1995249406175772,G
115,beviltu01w,0.2301587301587301,G
116,beviltu01w,0.2206703910614525,G
117,beviltu01w,0.2222222222222222,G
118,beviltu01w,0.2232232232232232,G
119,beviltu01w,0.1997780244173141,G
120,beviltu01w,0.1997716894977169,G
121,beviltu01w,0.2427409988385598,G
122,bibbyje01w,0.2753623188405797,G
123,bibrzag01w,0.3419354838709677,G-F
124,bibrzag01w,0.4806924101198402,G-F
125,birdsu01w,0.4112399643175736,G
126,birdsu01w,0.3697183098591549,G
127,birdsu01w,0.386443661971831,G
128,birdsu01w,0.3568627450980392,G
129,birdsu01w,0.3652582159624413,G
130,birdsu01w,0.3297062023939064,G
131,birdsu01w,0.4185418541854185,G
132,birdsu01w,0.3605812897366031,G
133,bjorkte01w,0.1538461538461538,C
134,blackch01w,0.2266355140186916,C
135,blackde01w,0.1853658536585365,G
136,blackde01w,0.1902748414376321,G
137,blackde01w,0.1701890989988876,G
138,blackde01w,0.1474530831099195,G
139,blackde01w,0.1585014409221902,G
140,blodgci01w,0.3909774436090225,G
141,blodgci01w,0.4722222222222222,G
142,blueni01w,0.2983425414364641,G
143,blueni01w,0.2547619047619047,G
144,blueni01w,0.1843575418994413,G
145,blueni01w,0.2637362637362637,G
146,blueoc01w,0.1081081081081081,F
147,blueoc01w,0.2838709677419355,F
148,bobbish01w,0.1920289855072463,G
149,bobbish01w,0.2011331444759206,G
150,boddiwh01w,0.2222222222222222,G
151,boltoru01w,0.4377880184331797,G
152,boltoru01w,0.3814432989690721,G
153,boltoru01w,0.4735413839891452,G
154,boltoru01w,0.2859884836852207,G
155,boltoru01w,0.3411513859275053,G
156,bondla01w,0.3143322475570032,G
157,bondla01w,0.2276923076923077,G
158,bonfisu01w,0.3431372549019608,G
159,bonnede01w,0.5262430939226519,G
160,bowenli01w,0.2432432432432432,G
161,boydca01w,0.3260869565217391,F
162,braxtka01w,0.4989010989010989,F-C
163,braxtka01w,0.4066852367688022,F-C
164,braxtka01w,0.3798165137614679,F-C
165,braxtka01w,0.5,F-C
166,braxtka01w,0.5,F-C
167,brazian01w,0.2512315270935961,F
168,brazian01w,0.3724340175953079,F
169,bristre01w,0.0,G
170,brogami01w,0.2910344827586207,F
171,brondsa01w,0.4317647058823529,G
172,brondsa01w,0.3446920052424639,G
173,brondsa01w,0.2871794871794871,G
174,brownco01w,0.3563218390804598,G
175,brownco01w,0.2613065326633166,G
176,brownco01w,0.2608695652173913,G
177,brownco01w,0.1904761904761904,G
178,browned01w,0.3037156704361874,G-F
179,browned01w,0.29625,G-F
180,browned01w,0.209471766848816,G-F
181,browned01w,0.2251908396946564,G-F
182,browned01w,0.1428571428571428,G-F
183,brownki01w,0.2592592592592592,G
184,brownki01w,0.2230483271375464,G
185,brownki01w,0.2803234501347709,G
186,brownki01w,0.0,G
187,brownki01w,0.1428571428571428,G
188,brownki01w,0.3448275862068966,G
189,brownki01w,0.400611620795107,G
190,brownki01w,0.3793103448275862,G
191,brownki01w,0.2981132075471698,G
192,brownki01w,0.3307888040712468,G
193,brownru01w,0.3726067746686303,F
194,brownru01w,0.3276315789473684,F
195,brownru01w,0.2393162393162393,F
196,brownru01w,0.2587991718426501,F
197,brumfma01w,0.2022838499184339,G
198,brumfma01w,0.1781376518218623,G
199,brumfma01w,0.1463414634146341,G
200,brungje01w,0.1592356687898089,F
201,brungje01w,0.0425531914893617,F
202,brungje01w,0.0,F
203,brunsre01w,0.305668016194332,F
204,brunsre01w,0.3670360110803324,F
205,brunsre01w,0.388609715242881,F
206,brunsre01w,0.4055793991416309,F
207,brunsre01w,0.4197689345314506,F
208,brunsre01w,0.4977443609022556,F
209,bullevi01w,0.3126142595978062,F
210,bullevi01w,0.2590866728797763,F
211,bullevi01w,0.2843651626442812,F
212,burgean01w,0.1696306429548563,G
213,burgean01w,0.1977848101265822,G
214,burgean01w,0.1557669441141498,G
215,burgeli01w,0.2926829268292683,F
216,burraal01w,0.5063694267515924,C
217,burraal01w,0.3897058823529412,C
218,burraal01w,0.4391785150078989,C
219,burraal01w,0.3296296296296296,C
220,burseja01w,0.2781065088757396,C
221,burseja01w,0.2412790697674418,C
222,burseja01w,0.4703196347031963,C
223,burseja01w,0.2743190661478599,C
224,burseja01w,0.3958090803259604,C
225,burseja01w,0.4070556309362279,C
226,burseja01w,0.3610719322990127,C
227,burseja01w,0.3826247689463956,C
228,buttsta01w,0.1796690307328605,G
229,byearla01w,0.3474088291746641,G-F
230,byearla01w,0.401894451962111,G-F
231,byearla01w,0.3744855967078189,G-F
232,byearla01w,0.3888888888888889,G-F
233,byearla01w,0.3393939393939394,G-F
234,byearla01w,0.4617737003058104,G-F
235,byearla01w,0.391304347826087,G-F
236,campbed01w,0.4352941176470588,G
237,campbed01w,0.3044496487119438,G
238,campbed01w,0.3333333333333333,G
239,campbed01w,0.3687845303867403,G
240,campbed01w,0.2228915662650602,G
241,campbed01w,0.1935483870967742,G
242,campbmi01w,0.2727272727272727,F-C
243,cantydo01w,0.3278061224489796,G-F
244,cantydo01w,0.3152,G-F
245,cantydo01w,0.256,G-F
246,cantydo01w,0.2654320987654321,G-F
247,cantydo01w,0.2298701298701298,G-F
248,cantydo01w,0.2708124373119358,G-F
249,cantydo01w,0.3805104408352668,G-F
250,cantydo01w,0.3337628865979381,G-F
251,cantydo01w,0.3066485753052917,G-F
252,cantydo01w,0.3015463917525773,G-F
253,careyja01w,0.2093023255813953,G
254,careyja01w,0.2202797202797203,G
255,careyja01w,0.2673031026252983,G
256,careyja01w,0.2745490981963928,G
257,carsoes01w,0.3452012383900928,G-F
258,carsoes01w,0.3958090803259604,G-F
259,carteam01w,0.0769230769230769,F
260,carteam01w,0.0,F
261,cashsw01w,0.4392956441149212,F
262,cashsw01w,0.4995442114858706,F
263,cashsw01w,0.4760180995475113,F
264,cashsw01w,0.259825327510917,F
265,cashsw01w,0.3616161616161616,F
266,cashsw01w,0.3587069864442127,F
267,cashsw01w,0.3786407766990291,F
268,cashsw01w,0.356489945155393,F
269,cassija01w,0.4228571428571429,C
270,castriz01w,0.3626373626373626,F-G
271,castriz01w,0.3876404494382022,F-G
272,castriz01w,0.3060295790671217,F-G
273,castriz01w,0.3755725190839695,F-G
274,castriz01w,0.435098650051921,F-G
275,castriz01w,0.4008941877794337,F-G
276,castriz01w,0.5333333333333333,F-G
277,catchta01w,0.5089974293059126,F
278,catchta01w,0.5545454545454546,F
279,catchta01w,0.4943429068755439,F
280,catchta01w,0.4267461669505962,F
281,catchta01w,0.4864612511671335,F
282,catchta01w,0.5132743362831859,F
283,catchta01w,0.4783861671469741,F
284,catchta01w,0.4723247232472324,F
285,caufila01w,0.2923076923076923,G
286,chambco01w,0.0,G
287,chanequ01w,0.2821576763485477,G
288,chapmji01w,0.1848739495798319,C
289,choneka01w,0.2434782608695652,C
290,choneka01w,0.2295081967213114,C
291,choneka01w,0.0,C
292,chriska01w,0.2905569007263922,F
293,chriska01w,0.3125948406676783,F
294,chriska01w,0.1228501228501228,F
295,chriska01w,0.1666666666666666,F
296,chriska01w,0.2045454545454545,F
297,chriska01w,0.0566037735849056,F
298,chriska01w,0.2264150943396226,F
299,chrissh01w,0.3410714285714286,F
300,chrissh01w,0.38442521631644,F
301,chrissh01w,0.4285714285714285,F
302,chrissh01w,0.3455399061032864,F
303,chrissh01w,0.515311510031679,F
304,chrissh01w,0.5069033530571992,F
305,cironkr01w,0.3043478260869565,G
306,clearmi01w,0.111984282907662,G
307,clearmi01w,0.0408163265306122,G
308,clinest01w,0.231578947368421,G
309,clinest01w,0.1333333333333333,G
310,clinest01w,0.2571428571428571,G
311,coggicl01w,0.25,G
312,cokermo01w,0.2142857142857142,F
313,colemco01w,0.2553191489361702,F
314,colemma01w,0.3257142857142857,G-F
315,colleka01w,0.3024054982817869,G-F
316,colleka01w,0.2148760330578512,G-F
317,consuca01w,0.04,G
318,coopeca01w,0.5098039215686274,C
319,coopeca01w,0.226890756302521,C
320,coopecy01w,0.5069124423963134,G
321,coopecy01w,0.4444444444444444,G
322,crawlsy01w,0.3838709677419354,F-C
323,crawlsy01w,0.3246471226927253,F-C
324,crawlsy01w,0.3406593406593406,F-C
325,crawlsy01w,0.2039007092198581,F-C
326,crockda01w,0.3452380952380952,F
327,crockwi01w,0.2195121951219512,F
328,cronika01w,0.1791044776119403,G
329,cunnibe01w,0.2979797979797979,G
330,cunnida01w,0.0,F
331,currimo01w,0.4016587677725118,F
332,currimo01w,0.4754098360655737,F
333,currimo01w,0.4215304798962386,F
334,currimo01w,0.4146090534979423,F
335,currimo01w,0.3818681318681318,F
336,curryed01w,0.1609756097560975,G
337,curryed01w,0.2035398230088495,G
338,dalesst01w,0.3763975155279503,G-F
339,dalesst01w,0.3406813627254509,G-F
340,dalesst01w,0.3248081841432225,G-F
341,dalesst01w,0.3546255506607929,G-F
342,dalesst01w,0.3775147928994082,G-F
343,daleygr01w,0.2998266897746967,G
344,daleygr01w,0.3787878787878788,G
345,daleygr01w,0.3405405405405405,G
346,daleygr01w,0.0714285714285714,G
347,darlihe01w,0.2787769784172662,G
348,darlihe01w,0.2519280205655527,G
349,darlihe01w,0.1694711538461538,G
350,darlihe01w,0.198019801980198,G
351,darlihe01w,0.1783333333333333,G
352,darlihe01w,0.2602965403624382,G
353,darlihe01w,0.195906432748538,G
354,darlihe01w,0.1862068965517241,G
355,darlihe01w,0.1619937694704049,G
356,davenje01w,0.4607329842931937,C
357,davenje01w,0.422077922077922,C
358,davenje01w,0.3977900552486187,C
359,davisbr01w,0.3474576271186441,G
360,davisde01w,0.3157894736842105,G
361,deforan01w,0.3348729792147806,G
362,deforan01w,0.380281690140845,G
363,deforan01w,0.4236111111111111,G
364,deforan01w,0.3828470380194518,G
365,deforan01w,0.3476523476523476,G
366,deforan01w,0.3723270440251572,G
367,deforan01w,0.3400236127508855,G
368,deforan01w,0.0884955752212389,G
369,derevje01w,0.1357142857142857,G
370,derevje01w,0.0668523676880222,G
371,derevje01w,0.2055674518201284,G
372,derevje01w,0.18,G
373,derevje01w,0.096551724137931,G
374,desouer01w,0.2926829268292683,F-C
375,desouer01w,0.3478260869565217,F-C
376,desouer01w,0.4043321299638989,F-C
377,desouer01w,0.4331896551724138,F-C
378,dickeke01w,0.179519595448799,F
379,dickeke01w,0.0,F
380,dillata01w,0.244047619047619,G
381,dillata01w,0.1804878048780487,G
382,dillata01w,0.1764705882352941,G
383,dixonta01w,0.3832199546485261,G
384,dixonta01w,0.3675675675675676,G
385,dixonta01w,0.3329853862212943,G
386,dixonta01w,0.3953934740882917,G
387,dixonta01w,0.3406352683461117,G
388,dixonta01w,0.2635914332784184,G
389,dixonta01w,0.2741116751269035,G
390,dixonta01w,0.4408163265306122,G
391,dixonta01w,0.3406940063091482,G
392,dixonta01w,0.3113207547169811,G
393,donapbe01w,0.0,F-C
394,donapbe01w,0.2734864300626304,F-C
395,doronsh01w,0.2857142857142857,G
396,dossaci01w,0.2780487804878049,C
397,dossaci01w,0.2923076923076923,C
398,dossaci01w,0.3384615384615385,C
399,douglka01w,0.3507972665148063,G-F
400,douglka01w,0.3265060240963855,G-F
401,douglka01w,0.398576512455516,G-F
402,douglka01w,0.325,G-F
403,douglka01w,0.3517034068136273,G-F
404,douglka01w,0.5234297108673978,G-F
405,douglka01w,0.5092674315975286,G-F
406,douglka01w,0.455026455026455,G-F
407,douglka01w,0.5453639082751744,G-F
408,duffyme01w,0.2713178294573643,G
409,duffyme01w,0.1458333333333333,G
410,duffyme01w,0.2444444444444444,G
411,dupreca01w,0.4525193798449612,F
412,dupreca01w,0.5046382189239332,F
413,dupreca01w,0.4959785522788204,F
414,dupreca01w,0.4502529510961214,F
415,edwarmi01w,0.4705882352941176,G
416,edwarmi01w,0.2879120879120879,G
417,edwarmi01w,0.3076923076923077,G
418,edwarsi01w,0.3348837209302325,C
419,edwarsi01w,0.2925925925925925,C
420,edwarsi01w,0.3213256484149855,C
421,edwarsi01w,0.2720970537261698,C
422,edwarsi01w,0.1867704280155642,C
423,edwarsi01w,0.2736318407960199,C
424,edwarte01w,0.211943793911007,G-F
425,edwarte01w,0.2783357245337159,G-F
426,edwarto01w,0.3650107991360691,G
427,edwarto01w,0.2688172043010752,G
428,edwarto01w,0.4519230769230769,G
429,edwarto01w,0.3696369636963696,G
430,elysh01w,0.2632575757575757,F
431,elysh01w,0.3014705882352941,F
432,elysh01w,0.2304964539007092,F
433,elysh01w,0.2904884318766066,F
434,elysh01w,0.4668008048289738,F
435,enissh01w,0.4303405572755417,F-C
436,enissh01w,0.3065810593900481,F-C
437,enissh01w,0.3220338983050847,F-C
438,enissh01w,0.4110929853181077,F-C
439,erbsu01w,0.3345454545454545,C
440,erbsu01w,0.3648648648648648,C
441,erbsu01w,0.2573099415204678,C
442,ervinla01w,0.2857142857142857,F
443,fallotr01w,0.3828775267538644,G-F
444,farriba01w,0.3461538461538461,C-F
445,farriba01w,0.2307692307692307,C-F
446,farriba01w,0.2535460992907801,C-F
447,farriba01w,0.2432950191570881,C-F
448,farriba01w,0.2796208530805687,C-F
449,farriba01w,0.1869369369369369,C-F
450,farriba01w,0.2764830508474576,C-F
451,farriba01w,0.2236286919831223,C-F
452,farriba01w,0.213381555153707,C-F
453,farriba01w,0.1545454545454545,C-F
454,feastal01w,0.4307036247334754,F
455,feastal01w,0.3624627606752731,F
456,feastal01w,0.3964435146443514,F
457,feastal01w,0.3850364963503649,F
458,feastal01w,0.3688212927756654,F
459,feastal01w,0.2882882882882883,F
460,feastal01w,0.1779935275080906,F
461,feastal01w,0.2823920265780731,F
462,feifesu01w,0.2916666666666667,G
463,ferdima01w,0.4236111111111111,G
464,ferdima01w,0.4591549295774648,G
465,ferdima01w,0.4211469534050179,G
466,ferdima01w,0.3909626719056974,G
467,ferdima01w,0.3883883883883884,G
468,ferdima01w,0.340956340956341,G
469,ferdima01w,0.4058823529411764,G
470,ferdima01w,0.4454277286135693,G
471,fernama01w,0.3333333333333333,G
472,ferrama01w,0.3246753246753247,F
473,figgsuk01w,0.2677459526774595,G
474,figgsuk01w,0.2763440860215054,G
475,figgsuk01w,0.3048498845265588,G
476,figgsuk01w,0.1565126050420168,G
477,firsool01w,0.631578947368421,C
478,floremi01w,0.2362869198312236,G
479,flukety01w,0.2345679012345679,C
480,flukety01w,0.3421052631578947,C
481,flukety01w,0.032258064516129,C
482,flukety01w,0.303030303030303,C
483,folklkr01w,0.2863905325443787,F
484,folklkr01w,0.2088167053364269,F
485,folklkr01w,0.2574750830564784,F
486,fordch01w,0.3598326359832636,F
487,fordch01w,0.3607456140350877,F
488,fordch01w,0.3358369098712446,F
489,fordch01w,0.4815217391304348,F
490,fordch01w,0.4239130434782608,F
491,fordch01w,0.3814756671899529,F
492,fordch01w,0.3298013245033112,F
493,fordki01w,0.2452830188679245,G-F
494,fordki01w,0.1797468354430379,G-F
495,fordst01w,0.6666666666666666,F
496,fordst01w,0.1666666666666666,F
497,fowlesy01w,0.413953488372093,C
498,fowlesy01w,0.3901734104046243,C
499,francde01w,0.0,F
500,frankaq01w,0.150997150997151,G
501,frankaq01w,0.0,G
502,frazeme01w,0.4447852760736196,F
503,fresest01w,0.2792792792792792,G
504,frettla01w,0.213903743315508,F
505,frettla01w,0.3176178660049628,F
506,frettla01w,0.2885802469135802,F
507,frettla01w,0.24,F
508,frettla01w,0.2112676056338028,F
509,frettla01w,0.3695652173913043,F
510,frettla01w,0.2714681440443213,F
511,friertr01w,0.3181818181818182,F
512,frohlli01w,0.0895522388059701,F-C
513,frohlli01w,0.3878504672897196,F-C
514,frohlli01w,0.3905325443786982,F-C
515,frohlli01w,0.2745098039215686,F-C
516,futreca01w,0.2916666666666667,G
517,gaithka01w,0.25,C
518,gaithka01w,0.2592592592592592,C
519,gaithka01w,0.0,C
520,gaithka01w,0.0,C
521,garcibe01w,0.125,G
522,gardike01w,0.2537037037037037,F
523,gardike01w,0.3020134228187919,F
524,gardnan01w,0.2878787878787879,F-C
525,gardnan01w,0.3202247191011236,F-C
526,garnean01w,0.1803571428571428,F-C
527,gaydeco01w,0.2857142857142857,G
528,gearlka01w,0.3020594965675057,G-F
529,gearlka01w,0.3653846153846153,G-F
530,gearlka01w,0.3374485596707819,G-F
531,gibsoke01w,0.3157894736842105,F-G
532,gibsoke01w,0.1527777777777778,F-G
533,gibsoke01w,0.217391304347826,F-G
534,gibsoke01w,0.1818181818181818,F-G
535,gilloje01w,0.4552058111380145,F-C
536,gilloje01w,0.4603729603729604,F-C
537,gilloje01w,0.5411899313501144,F-C
538,gilloje01w,0.2594458438287154,F-C
539,gilmous01w,0.0952380952380952,G
540,gisseka01w,0.0,F
541,gomisem01w,0.2,G
542,goodsad01w,0.5360602798708288,F
543,goodsad01w,0.4016393442622951,F
544,goodsad01w,0.4568574023614895,F
545,goodsad01w,0.3828689370485036,F
546,goodsad01w,0.348314606741573,F
547,goodsad01w,0.3255813953488372,F
548,goodsad01w,0.2656826568265683,F
549,goringi01w,0.3461538461538461,C
550,gortmsh01w,0.2466124661246612,G
551,gortmsh01w,0.25,G
552,gortmsh01w,0.0,G
553,gortmsh01w,0.2113207547169811,G
554,granter01w,0.1184834123222748,G
555,grecomi01w,0.3972602739726027,G
556,greenci01w,0.0833333333333333,C
557,grginve01w,0.2677595628415301,F
558,grginve01w,0.3183856502242152,F
559,grginve01w,0.3924050632911392,F
560,griffyo01w,0.5097465886939572,C-F
561,griffyo01w,0.4809656453110492,C-F
562,griffyo01w,0.4991334488734835,C-F
563,griffyo01w,0.4620689655172413,C-F
564,griffyo01w,0.4791464597478176,C-F
565,griffyo01w,0.4875259875259875,C-F
566,griffyo01w,0.4765807962529274,C-F
567,griffyo01w,0.3915989159891599,C-F
568,griffyo01w,0.3297872340425531,C-F
569,griffyo01w,0.4634146341463415,C-F
570,groomla01w,0.3092269326683292,G-F
571,groomla01w,0.2596685082872928,G-F
572,groomla01w,0.2670588235294117,G-F
573,groomla01w,0.2361702127659574,G-F
574,groomla01w,0.2085106382978723,G-F
575,grubigo01w,0.3319444444444444,G
576,grubigo01w,0.3534303534303534,G
577,grubigo01w,0.3690337601862631,G
578,grubigo01w,0.0833333333333333,G
579,grubigo01w,0.024390243902439,G
580,grudasa01w,0.4054621848739496,F-C
581,grudasa01w,0.4320987654320987,F-C
582,hairska01w,0.2162162162162162,F
583,hallam01w,0.2884615384615384,F
584,hallvi01w,0.2599653379549393,F
585,hallvi01w,0.2888888888888888,F
586,hallvi01w,0.2926829268292683,F
587,hallvi01w,0.3684210526315789,F
588,hammobe01w,0.4203592814371257,G
589,hammobe01w,0.4232633279483037,G
590,hammobe01w,0.3884673748103187,G
591,hammobe01w,0.6303501945525292,G
592,hammobe01w,0.4070796460176991,G
593,hammobe01w,0.4008474576271186,G
594,hammobe01w,0.4792284866468843,G
595,hammobe01w,0.5642398286937902,G
596,hammobe01w,0.5286103542234333,G
597,hammobe01w,0.5757864632983795,G
598,hamzoro01w,0.1627906976744186,G
599,hardili01w,0.3870431893687707,G
600,hardili01w,0.260575296108291,G
601,hardili01w,0.364321608040201,G
602,harpela01w,0.3357142857142857,F-C
603,harpela01w,0.3260869565217391,F-C
604,harrido01w,0.1194029850746268,F
605,harrili01w,0.2666666666666666,F
606,harrili01w,0.2688524590163934,F
607,harrili01w,0.2914349276974416,F
608,harrili01w,0.2183770883054892,F
609,harrili01w,0.138047138047138,F
610,harrokr01w,0.2916666666666667,G
611,harrokr01w,0.1995841995841996,G
612,harrokr01w,0.1763527054108216,G
613,harrokr01w,0.1875,G
614,harrokr01w,0.1865384615384615,G
615,haydeva01w,0.4371428571428571,C
616,haydeva01w,0.4134453781512605,C
617,haydeva01w,0.4174528301886792,C
618,haydeva01w,0.5164473684210527,C
619,haydeva01w,0.3494423791821561,C
620,haynikr01w,0.2396313364055299,G
621,haynikr01w,0.2941176470588235,G
622,haynikr01w,0.2311926605504587,G
623,haynikr01w,0.1934156378600823,G
624,haynikr01w,0.2732919254658385,G
625,haynikr01w,0.3012820512820512,G
626,headde01w,0.1812080536912751,G
627,hendene01w,0.1452513966480447,G
628,hendetr01w,0.2023121387283237,C
629,hendetr01w,0.0444444444444444,C
630,henniso01w,0.1714285714285714,G
631,henniso01w,0.1197339246119734,G
632,henniso01w,0.0844529750479846,G
633,henniso01w,0.0869565217391304,G
634,henniso01w,0.0827586206896551,G
635,henniso01w,0.0,G
636,herriam01w,0.2668621700879765,C
637,herriam01w,0.2700892857142857,C
638,herriam01w,0.2527881040892193,C
639,hibbeka01w,0.2208333333333333,G-F
640,hicksje01w,0.2420382165605095,F-C
641,hicksje01w,0.3706140350877193,F-C
642,hicksje01w,0.4033970276008493,F-C
643,hicksje01w,0.3873517786561264,F-C
644,hicksje01w,0.3423180592991914,F-C
645,hillec01w,0.1830985915492957,G
646,hillec01w,0.0,G
647,hledeko01w,0.3598615916955017,G
648,hledeko01w,0.3318681318681318,G
649,hledeko01w,0.2015503875968992,G
650,hodgedo01w,0.1755102040816326,G
651,hodgedo01w,0.2660687593423019,G
652,hodgedo01w,0.2872807017543859,G
653,hodgedo01w,0.303030303030303,G
654,hodgedo01w,0.2857142857142857,G
655,hodgero01w,0.175531914893617,G
656,hodgero01w,0.3538681948424069,G
657,hodgero01w,0.3081570996978852,G
658,hodgero01w,0.4014598540145985,G
659,hodgero01w,0.3636363636363636,G
660,hoffmeb01w,0.1796407185628742,F
661,hoffmeb01w,0.2414486921529175,F
662,hoffmeb01w,0.2561692126909518,F
663,hoffmeb01w,0.2474226804123711,F
664,hoffmeb01w,0.3376110562685094,F
665,hoffmeb01w,0.336318407960199,F
666,holdsch01w,0.4960212201591512,F
667,holdsch01w,0.4984615384615384,F
668,holdsch01w,0.6261829652996845,F
669,holdsch01w,0.5843881856540084,F
670,holdsch01w,0.5455680399500624,F
671,holdsch01w,0.474218089602705,F
672,holdsch01w,0.5074424898511503,F
673,holdsch01w,0.5266666666666666,F
674,holdsch01w,0.4915254237288136,F
675,hollake01w,0.3340471092077088,G
676,hollake01w,0.3684210526315789,G
677,hollake01w,0.328159645232816,G
678,hollake01w,0.4495677233429395,G
679,hollake01w,0.251778093883357,G
680,hollake01w,0.3526448362720403,G
681,holliqu01w,0.3778801843317972,C
682,holmejo01w,0.3357933579335793,F
683,holmese01w,0.2561576354679803,G-F
684,holtam01w,0.3109243697478991,F
685,holtam01w,0.3605263157894737,F
686,hopeky01w,0.5,C
687,hornbal01w,0.2463186077643909,G
688,hornbal01w,0.2505882352941176,G
689,houstch01w,0.5025817555938038,F
690,houstch01w,0.5618686868686869,F
691,humphta01w,0.5387205387205387,C
692,humphta01w,0.419811320754717,C
693,humphta01w,0.4411764705882353,C
694,humphta01w,0.2985074626865671,C
695,irvinsa01w,0.360655737704918,F
696,irvinsa01w,0.1842105263157894,F
697,irvinsa01w,0.2109375,F
698,irvinsa01w,0.2241379310344827,F
699,ivanyda01w,0.1901840490797546,G
700,ivanyda01w,0.1764705882352941,G
701,ivanyda01w,0.1299826689774696,G
702,ivanyda01w,0.1304347826086956,G
703,iveyni01w,0.1624293785310734,G
704,iveyni01w,0.1958997722095672,G
705,iveyni01w,0.2073732718894009,G
706,iveyni01w,0.1899441340782122,G
707,iveyni01w,0.1372549019607843,G
708,iveyni01w,0.1578947368421052,G
709,jacksde01w,0.3846153846153846,F
710,jacksde01w,0.3211009174311927,F
711,jacksde01w,0.2935323383084577,F
712,jacksde01w,0.3432203389830508,F
713,jacksde01w,0.4024390243902439,F
714,jacksgw01w,0.2964102564102564,F
715,jacksgw01w,0.4117647058823529,F
716,jacksgw01w,0.2103448275862069,F
717,jacksgw01w,0.256198347107438,F
718,jacksla01w,0.4415584415584415,F-C
719,jacksla01w,0.546485260770975,F-C
720,jacksla01w,0.6293958521190262,F-C
721,jacksla01w,0.5925233644859813,F-C
722,jacksla01w,0.5076530612244898,F-C
723,jacksla01w,0.6898584905660378,F-C
724,jacksla01w,0.7245098039215686,F-C
725,jacksla01w,0.6123919308357348,F-C
726,jacksla01w,0.5919335705812574,F-C
727,jacksta01w,0.2241887905604719,F-C
728,jacksta01w,0.2352941176470588,F-C
729,jacksta01w,0.0869565217391304,F-C
730,jacksta02w,0.4344569288389513,G
731,jacksta02w,0.2655935613682093,G
732,jacksta02w,0.453757225433526,G
733,jacksta02w,0.313152400835073,G
734,jacksta02w,0.3333333333333333,G
735,jacksta02w,0.1363636363636363,G
736,jacksta02w,0.4444444444444444,G
737,jacksti02w,0.3649789029535865,F
738,jacksti02w,0.4193548387096774,F
739,jacksti02w,0.3636363636363636,F
740,jacobam01w,0.258312020460358,G
741,jacobam01w,0.2531380753138075,G
742,jacobam01w,0.3240418118466899,G
743,jacobam01w,0.2835365853658536,G
744,jacobam01w,0.1639344262295081,G
745,jacobam01w,0.1219512195121951,G
746,jamesta01w,0.35625,F
747,jamesta01w,0.4164588528678304,F
748,januabr01w,0.3323572474377745,G
749,jekaban01w,0.3959627329192546,G
750,joensca01w,0.3505535055350554,G-F
751,joensca01w,0.3639705882352941,G-F
752,johnsad01w,0.3963636363636363,G
753,johnsad01w,0.2757475083056478,G
754,johnsad01w,0.2962328767123288,G
755,johnsch01w,0.1333333333333333,C
756,johnsja01w,0.2517985611510791,F
757,johnsla01w,0.2993762993762994,F
758,johnsla01w,0.219298245614035,F
759,johnsla01w,0.2788104089219331,F
760,johnsla01w,0.2078853046594982,F
761,johnsla01w,0.1666666666666666,F
762,johnsni01w,0.3333333333333333,G
763,johnspo01w,0.2982456140350877,C
764,johnspo01w,0.2352941176470588,C
765,johnspo01w,0.2709113607990012,C
766,johnspo01w,0.2139423076923076,C
767,johnspo01w,0.1401273885350318,C
768,johnssh01w,0.3383658969804618,G
769,johnssh01w,0.3847133757961783,G
770,johnssh01w,0.4495495495495495,G
771,johnssh01w,0.3794037940379404,G
772,johnssh01w,0.3008385744234801,G
773,johnssh01w,0.2871376811594203,G
774,johnssh01w,0.3638443935926773,G
775,johnssh01w,0.3452593917710196,G
776,johnssh01w,0.2495069033530572,G
777,johnssh01w,0.2216828478964401,G
778,johnste01w,0.3237410071942446,G
779,johnste01w,0.3155940594059406,G
780,johnste01w,0.3398058252427184,G
781,johnste01w,0.2442748091603053,G
782,johnste01w,0.3640399556048834,G
783,johnsti01w,0.1906841339155749,C
784,johnsti01w,0.2202380952380952,C
785,johnsti01w,0.2466257668711656,C
786,johnsti01w,0.2144846796657381,C
787,johnsti01w,0.2151515151515151,C
788,johnsti01w,0.2332814930015552,C
789,johnsvi01w,0.3714565004887585,G-F
790,johnsvi01w,0.3759318423855165,G-F
791,johnsvi01w,0.3492217898832684,G-F
792,johnsvi01w,0.4126679462571977,G-F
793,johnsvi01w,0.2868632707774799,G-F
794,johnsvi01w,0.3450635386119257,G-F
795,johnsvi01w,0.3356573705179282,G-F
796,johnsvi01w,0.2852112676056338,G-F
797,johnsvi01w,0.2387892376681614,G-F
798,johnsvi01w,0.276797829036635,G-F
799,jonesas01w,0.3398692810457516,F
800,jonesas01w,0.3877005347593583,F
801,jonesas01w,0.3361945636623748,F
802,jonesas01w,0.4269503546099291,F
803,jonesas01w,0.4851994851994852,F
804,jonesas01w,0.4872611464968153,F
805,jonesas01w,0.5825545171339563,F
806,jonesas01w,0.5281980742778541,F
807,jonesch01w,0.2695214105793451,G-F
808,jonesch01w,0.3799392097264438,G-F
809,jonesch01w,0.2882562277580071,G-F
810,jonesch01w,0.4473684210526316,G-F
811,jonesja01w,0.2918454935622318,G
812,jonesla01w,0.3518518518518518,G
813,jonesme01w,0.3713080168776371,G
814,jonesme01w,0.4048096192384769,G
815,jonesme01w,0.3574040219378427,G
816,jonesme01w,0.244047619047619,G
817,jonesme01w,0.3481624758220503,G
818,kellycr01w,0.441016333938294,F
819,kellycr01w,0.369047619047619,F
820,kellycr01w,0.3462897526501767,F
821,kingbsu01w,0.1764705882352941,G
822,kingija01w,0.2704,G
823,kingija01w,0.2,G
824,kingija01w,0.15625,G
825,kingija01w,0.217391304347826,G
826,klimezu01w,0.1282051282051282,F
827,klimezu01w,0.6666666666666666,F
828,koehnla01w,0.4913043478260869,G
829,koehnla01w,0.4409937888198758,G
830,koehnla01w,0.3669724770642202,G
831,koehnla01w,0.4930555555555556,G
832,korstil01w,0.28,G
833,kostaan01w,0.2518796992481203,G
834,kostita01w,0.1521739130434782,F
835,kraayca01w,0.3520408163265306,F
836,kraayca01w,0.3300110741971207,F
837,kraayca01w,0.3784901758014478,F
838,kraayca01w,0.3392299687825182,F
839,kraayca01w,0.3457207207207207,F
840,kubikni01w,0.3157894736842105,G
841,kubikni01w,0.0952380952380952,G
842,lacyje01w,0.3214285714285714,F
843,lacyje01w,0.3723404255319149,F
844,lacyje01w,0.312396694214876,F
845,lacyje01w,0.2651933701657458,F
846,lacyve01w,0.3333333333333333,C
847,lambesh01w,0.125,G
848,lambesh01w,0.46524064171123,G
849,lambesh01w,0.25,G
850,lambesh01w,0.2171052631578947,G
851,lambmo01w,0.1857142857142857,C
852,langhcr01w,0.3100189035916824,F-C
853,langhcr01w,0.4027640671273445,F-C
854,larkier01w,0.3850746268656716,F
855,larkier01w,0.3211678832116788,F
856,lassiam01w,0.2251223491027732,F
857,lassiam01w,0.0217391304347826,F
858,lassiam01w,0.2274368231046931,F
859,lassiam01w,0.2223738062755798,F
860,lassiam01w,0.2255772646536412,F
861,lassiam01w,0.2757731958762887,F
862,lassiam01w,0.3303341902313624,F
863,lattaiv01w,0.420814479638009,G
864,lattaiv01w,0.4041666666666667,G
865,lattaiv01w,0.4171428571428571,G
866,lawsoed01w,0.219298245614035,G
867,lawsoed01w,0.1666666666666666,G
868,lawsoed01w,0.2057416267942583,G
869,lawsoed01w,0.3571428571428571,G
870,lawsoed01w,0.2950257289879931,G
871,lawsoka01w,0.3420026007802341,G
872,lawsoka01w,0.3555018137847642,G
873,lawsoka01w,0.3779527559055118,G
874,lawsoka01w,0.369826435246996,G
875,lawsoka01w,0.4844961240310077,G
876,lawsoka01w,0.4716525934861278,G
877,lawsoka01w,0.3642384105960264,G
878,lazicka01w,0.3090909090909091,F-C
879,lehnish01w,0.1442715700141442,G
880,lennobe01w,0.5497967479674797,G
881,lennobe01w,0.5020746887966805,G
882,lennobe01w,0.5335628227194492,G
883,lennobe01w,0.2246376811594203,G
884,lennobe01w,0.4607142857142857,G
885,lennobe01w,0.3891304347826086,G
886,lennobe01w,0.4325,G
887,lennobe01w,0.5218855218855218,G
888,lennobe01w,0.4845250800426894,G
889,lennobe01w,0.5891089108910891,G
890,lennobe01w,0.478125,G
891,leslili01w,0.5544747081712063,C
892,leslili01w,0.5866408518877058,C
893,leslili01w,0.4933962264150943,C
894,leslili01w,0.5353535353535354,C
895,leslili01w,0.52,C
896,leslili01w,0.4717153284671533,C
897,leslili01w,0.6519654841802492,C
898,leslili01w,0.4693106704438149,C
899,leslili01w,0.554858934169279,C
900,leuchye01w,0.3157894736842105,C
901,leuchye01w,0.1379310344827586,C
902,levanni01w,0.2985074626865671,G
903,lewista01w,0.3157894736842105,F-C
904,lewisty01w,0.2315035799522673,G
905,lewisty01w,0.2344827586206896,G
906,lewisty01w,0.2991452991452991,G
907,lewisty01w,0.3987034035656402,G
908,lewisty01w,0.2831325301204819,G
909,lewisty01w,0.3111111111111111,G
910,lewisty01w,0.2277227722772277,G
911,liebena01w,0.0,G
912,littlca01w,0.1856540084388185,F
913,littlca01w,0.2805429864253393,F
914,littlca01w,0.418552036199095,F
915,littlca01w,0.3266283524904214,F
916,lloydan01w,0.2252252252252252,F
917,lobore01w,0.2,F
918,lobore01w,0.2575757575757575,F
919,lobore01w,0.1986531986531986,F
920,lovelst01w,0.3055555555555556,F
921,lovelst01w,0.3601895734597156,F
922,lovelst01w,0.3118556701030928,F
923,lovelst01w,0.3518518518518518,F
924,lovelst01w,0.406099518459069,F
925,lovelst01w,0.2285714285714285,F
926,lovelst01w,0.3527131782945736,F
927,lovelst01w,0.2272727272727272,F
928,luckepa01w,0.0,F
929,luzhe01w,0.3353783231083844,G
930,luzhe01w,0.3945147679324894,G
931,luzhe01w,0.3575757575757576,G
932,lyttlsa01w,0.3043478260869565,F
933,lyttlsa01w,0.2789473684210526,F
934,lyttlsa01w,0.3616600790513834,F
935,lyttlsa01w,0.4539877300613497,F
936,lyttlsa01w,0.4758324382384533,F
937,mabikmw01w,0.4191489361702127,G-F
938,mabikmw01w,0.3780193236714976,G-F
939,mabikmw01w,0.5133333333333333,G-F
940,mabikmw01w,0.4232245681381957,G-F
941,mabikmw01w,0.4611398963730569,G-F
942,mabikmw01w,0.2697547683923705,G-F
943,mabikmw01w,0.4005891016200295,G-F
944,mabikmw01w,0.3503937007874015,G-F
945,mabikmw01w,0.2813455657492354,G-F
946,macchla01w,0.3707317073170731,F
947,macchla01w,0.4256756756756756,F
948,machacl01w,0.2612826603325415,C-F
949,machacl01w,0.2810344827586207,C-F
950,machacl01w,0.322429906542056,C-F
951,mahonme01w,0.2165242165242165,F
952,mahonme01w,0.256198347107438,F
953,mahonsh01w,0.170886075949367,F
954,mahonsh01w,0.3846153846153846,F
955,maigaha01w,0.2030456852791878,G-F
956,maigaha01w,0.2210526315789473,G-F
957,maigaha01w,0.2916666666666667,G-F
958,maigaha01w,0.3161764705882353,G-F
959,maigaha01w,0.329608938547486,G-F
960,maigaha01w,0.3075396825396825,G-F
961,maigaha01w,0.3423728813559322,G-F
962,maigaha01w,0.4482248520710059,G-F
963,malcona01w,0.3645390070921986,F
964,malcona01w,0.2604340567612688,F
965,malloso01w,0.2272727272727272,C
966,maltsev01w,0.3049792531120332,G
967,mannish01w,0.2555831265508685,F-C
968,mannkr01w,0.3837837837837838,F
969,mannkr01w,0.2740492170022371,F
970,mannkr01w,0.2925170068027211,F
971,mannkr01w,0.2017937219730941,F
972,mannkr01w,0.064516129032258,F
973,mannkr01w,0.2631578947368421,F
974,mapprh01w,0.4170560747663551,C
975,mapprh01w,0.3189873417721519,C
976,mapprh01w,0.2431372549019607,C
977,marcimi01w,0.329608938547486,G
978,marcimi01w,0.336734693877551,G
979,marcimi01w,0.2571428571428571,G
980,martima01w,0.2894736842105263,F
981,martima01w,0.1923076923076923,F
982,martinu01w,0.0,G
983,mascira01w,0.2413793103448276,F
984,mascira01w,0.2634989200863931,F
985,mascira01w,0.3058252427184466,F
986,matteca01w,0.1607142857142857,G
987,maxwemo01w,0.3226433430515063,F
988,maxwemo01w,0.1974789915966386,F
989,maxwemo01w,0.2058823529411764,F
990,mazzake01w,0.2330383480825958,G
991,mazzake01w,0.2831858407079646,G
992,mazzake01w,0.416551724137931,G
993,mazzake01w,0.3729508196721312,G
994,mazzake01w,0.3073322932917317,G
995,mazzake01w,0.2448036951501154,G
996,mccaibr01w,0.211734693877551,G
997,mccaiti01w,0.2383177570093458,G-F
998,mccaiti01w,0.2194570135746606,G-F
999,mccaiti01w,0.1372549019607843,G-F
1000,mccanra01w,0.3008298755186722,F
1001,mccarja01w,0.1607717041800643,C
1002,mccarja01w,0.3230403800475059,C
1003,mccarja01w,0.4903988183161004,C
1004,mccarja01w,0.5208333333333334,C
1005,mccarja01w,0.4634433962264151,C
1006,mccarst01w,0.3622047244094488,G-F
1007,mccarst01w,0.3353174603174603,G-F
1008,mccarst01w,0.3362218370883882,G-F
1009,mccarst01w,0.2022222222222222,G-F
1010,mcconsu01w,0.2453900709219858,G
1011,mccouan01w,0.5918367346938775,F
1012,mccrani01w,0.4751434034416826,G
1013,mccrani01w,0.4239130434782608,G
1014,mccrani01w,0.3487712665406427,G
1015,mccrani01w,0.1784741144414169,G
1016,mccrani01w,0.1859838274932614,G
1017,mccrani01w,0.1258278145695364,G
1018,mccrani01w,0.2558139534883721,G
1019,mccrini01w,0.2069672131147541,G
1020,mccrini01w,0.1828571428571428,G
1021,mccrini01w,0.1432584269662921,G
1022,mccrini01w,0.2274247491638795,G
1023,mcculda01w,0.3837719298245614,F-C
1024,mcculda01w,0.3111111111111111,F-C
1025,mcculda01w,0.0465116279069767,F-C
1026,mcculda01w,0.0769230769230769,F-C
1027,mcgheca01w,0.213235294117647,F-C
1028,mcgheca01w,0.1971830985915492,F-C
1029,mcgheca01w,1.25,F-C
1030,mckivte01w,0.3079178885630498,C-F
1031,mckivte01w,0.4545454545454545,C-F
1032,mckivte01w,0.3121546961325966,C-F
1033,mckivte01w,0.0,C-F
1034,mcwilta01w,0.3989071038251366,F-C
1035,mcwilta01w,0.380547686496695,F-C
1036,mcwilta01w,0.2872062663185378,F-C
1037,mcwilta01w,0.3601220752797558,F-C
1038,mcwilta01w,0.3645189761694616,F-C
1039,mcwilta01w,0.4349030470914127,F-C
1040,mcwilta01w,0.4116465863453815,F-C
1041,mcwilta01w,0.3772032902467685,F-C
1042,mcwilta01w,0.4054054054054054,F-C
1043,mcwilta01w,0.4025522041763341,F-C
1044,mcwilta01w,0.3217054263565891,F-C
1045,melvich01w,0.4126106194690265,C-F
1046,melvich01w,0.3527851458885941,C-F
1047,melvich01w,0.3781990521327014,C-F
1048,melvich01w,0.4184731385485391,C-F
1049,melvich01w,0.3551515151515151,C-F
1050,melvich01w,0.3777354900095147,C-F
1051,melvich01w,0.4054054054054054,C-F
1052,melvich01w,0.3376318874560375,C-F
1053,melvich01w,0.4146341463414634,C-F
1054,melvich01w,0.3662714097496706,C-F
1055,melvich01w,0.2658730158730158,C-F
1056,mendigi01w,0.2564102564102564,G
1057,miaomi01w,0.2296296296296296,G
1058,milleco01w,0.2481751824817518,G
1059,milleco01w,0.329646017699115,G
1060,milleco01w,0.3838289962825278,G
1061,milleco01w,0.2511773940345368,G
1062,milleco01w,0.306,G
1063,milleco01w,0.3130699088145897,G
1064,milleco01w,0.2637362637362637,G
1065,milleco01w,0.252112676056338,G
1066,milleco01w,0.3218673218673218,G
1067,milleke01w,0.2444444444444444,G
1068,milleke01w,0.3808664259927797,G
1069,milleke01w,0.361376673040153,G
1070,milleke01w,0.3175182481751825,G
1071,milleke01w,0.3292336802270577,G
1072,milleke01w,0.3636363636363636,G
1073,milleke01w,0.3086538461538461,G
1074,milleke01w,0.2994708994708994,G
1075,milleke01w,0.2222222222222222,G
1076,millsta01w,0.4406779661016949,C
1077,millsta01w,0.2006269592476489,C
1078,millsta01w,0.0,C
1079,millsta01w,0.3135135135135135,C
1080,millsta01w,0.2941176470588235,C
1081,miltode01w,0.3845371312309257,F
1082,miltode01w,0.3518123667377398,F
1083,miltode01w,0.3747412008281574,F
1084,miltode01w,0.3830570902394107,F
1085,miltode01w,0.3079470198675497,F
1086,miltode01w,0.3685687558465856,F
1087,miltode01w,0.4962962962962963,F
1088,miltode01w,0.3996494303242769,F
1089,miltode01w,0.4242125984251969,F
1090,miltode01w,0.324065196548418,F
1091,mitchle01w,0.2528957528957529,G
1092,mitchle01w,0.1834862385321101,G
1093,moeggli01w,0.2093862815884476,F
1094,moeggli01w,0.1796116504854369,F
1095,moisead01w,0.3333333333333333,G
1096,moisead01w,0.3117932148626817,G
1097,moisead01w,0.2258064516129032,G
1098,montaan01w,0.2071005917159763,F
1099,montgre01w,0.4005235602094241,G
1100,mooreja01w,0.328125,C
1101,mooreje01w,0.0612244897959183,F-C
1102,mooreje01w,0.073394495412844,F-C
1103,mooreje01w,0.225114854517611,F-C
1104,mooreje01w,0.2795454545454545,F-C
1105,mooreje01w,0.1262135922330097,F-C
1106,mooreje01w,0.2414355628058727,F-C
1107,moorelo01w,0.1208791208791208,G
1108,moorelo01w,0.2184873949579832,G
1109,moorelo01w,0.2811693895098882,G
1110,moorelo01w,0.1903584672435105,G
1111,moorelo01w,0.2284803400637619,G
1112,moorena01w,0.2413793103448276,G
1113,moorena01w,0.384,G
1114,mooreta01w,0.3373493975903614,G-F
1115,mooreta01w,0.3001531393568147,G-F
1116,mooreta01w,0.3181818181818182,G-F
1117,mooreta01w,0.3,G-F
1118,mooreta01w,0.2118863049095607,G-F
1119,mooreta01w,0.2291666666666666,G-F
1120,mooreta01w,0.3249211356466877,G-F
1121,mooreta01w,0.2006920415224913,G-F
1122,moosca01w,0.0,F-C
1123,mosbybe01w,0.2974910394265233,F
1124,mosbybe01w,0.2622950819672131,F
1125,mosbybe01w,0.272189349112426,F
1126,moweje01w,0.3529411764705882,C
1127,moweje01w,0.0625,C
1128,moweje01w,0.0,C
1129,mulitna01w,0.3402061855670103,C
1130,murphsh01w,0.378440366972477,G
1131,murphsh01w,0.2704918032786885,G
1132,murphsh01w,0.4,G
1133,murphsh01w,0.1818181818181818,G
1134,murphsh01w,0.5376344086021505,G
1135,nagyan01w,0.1397694524495677,G
1136,nagyan01w,0.1596244131455399,G
1137,nagyan01w,0.0831295843520782,G
1138,nanch01w,0.303125,C
1139,ndiayas01w,0.3986175115207373,F-C
1140,ndiayas01w,0.411829134720701,F-C
1141,ndiayas01w,0.3543814432989691,F-C
1142,ndiayas01w,0.2857142857142857,F-C
1143,ndiayas01w,0.1621621621621621,F-C
1144,ndiayas01w,0.2755905511811024,F-C
1145,ndiayas01w,0.1724137931034483,F-C
1146,ndongem01w,0.1801801801801801,C
1147,nemcoev01w,0.417607223476298,F
1148,nemcoev01w,0.3008849557522124,F
1149,nevescl01w,0.2814465408805031,G
1150,nevescl01w,0.2334152334152334,G
1151,nevescl01w,0.190721649484536,G
1152,newtoch01w,0.206993006993007,G
1153,newtoch01w,0.2716049382716049,G
1154,newtoch01w,0.3146551724137931,G
1155,newtoch01w,0.2977099236641221,G
1156,newtoch01w,0.2023809523809523,G
1157,ngarsch01w,0.2934782608695652,C
1158,ngoyibe01w,0.5,C
1159,ngoyibe01w,0.4422310756972111,C
1160,ngoyibe01w,0.4816586921850079,C
1161,ngoyibe01w,0.3672566371681416,C
1162,nieuwma01w,0.25,C
1163,nnamach01w,0.1904761904761904,G
1164,nolande01w,0.3522935779816514,G-F
1165,nolande01w,0.3445273631840796,G-F
1166,nolande01w,0.4150943396226415,G-F
1167,nolande01w,0.4077328646748682,G-F
1168,nolande01w,0.4319868095630668,G-F
1169,nolande01w,0.4301470588235294,G-F
1170,nolande01w,0.4706382978723404,G-F
1171,nolande01w,0.4702797202797202,G-F
1172,nolande01w,0.5022461814914645,G-F
1173,nygaava01w,0.3001186239620403,F
1174,nygaava01w,0.2934362934362934,F
1175,nygaava01w,0.2708803611738149,F
1176,nygaava01w,0.244047619047619,F
1177,ogayu01w,0.3111111111111111,G
1178,ohldeni01w,0.3899803536345776,F-C
1179,ohldeni01w,0.3680154142581888,F-C
1180,ohldeni01w,0.3758620689655172,F-C
1181,ohldeni01w,0.4251626898047722,F-C
1182,ohldeni01w,0.3524150268336314,F-C
1183,ohldeni01w,0.3504823151125402,F-C
1184,oneilkr01w,0.0,G-F
1185,osipoir01w,0.1666666666666666,C
1186,owenhe01w,0.0333333333333333,F
1187,owenssh01w,0.2165289256198347,C
1188,owenssh01w,0.0,C
1189,pageda01w,0.5,F
1190,pagemu01w,0.3001912045889101,F
1191,pagemu01w,0.2275025278058645,F
1192,pagemu01w,0.2773333333333333,F
1193,pagemu01w,0.2505882352941176,F
1194,pagemu01w,0.2274412855377008,F
1195,pagemu01w,0.1833616298811545,F
1196,pagemu01w,0.2420289855072463,F
1197,pagemu01w,0.2599681020733652,F
1198,pagemu01w,0.1728395061728395,F
1199,paigeyo01w,0.2051282051282051,G
1200,paliesa01w,0.2352941176470588,G
1201,palmewe01w,0.4824945295404814,F
1202,palmewe01w,0.3579109062980031,F
1203,palmewe01w,0.396551724137931,F
1204,palmewe01w,0.3592814371257485,F
1205,palmewe01w,0.3441108545034642,F
1206,palmewe01w,0.3778625954198473,F
1207,palmewe01w,0.3696145124716553,F
1208,palmewe01w,0.3916666666666666,F
1209,palmewe01w,0.3291139240506329,F
1210,parisco01w,0.3619909502262443,C
1211,parkeca01w,0.5500450856627592,F
1212,parkeca01w,0.4024539877300613,F
1213,pascafl01w,0.0,C
1214,pavlimi01w,0.0476190476190476,F-C
1215,pavlimi01w,0.2068965517241379,F-C
1216,payeka01w,0.1372549019607843,G
1217,payeka01w,0.1395705521472392,G
1218,payeka01w,0.1842105263157894,G
1219,penicti01w,0.2222222222222222,G
1220,penicti01w,0.1935483870967742,G
1221,penicti01w,0.2379835873388042,G
1222,penicti01w,0.1680440771349862,G
1223,penicti01w,0.2051546391752577,G
1224,penicti01w,0.2103559870550161,G
1225,penicti01w,0.2163120567375886,G
1226,penicti01w,0.2391017173051519,G
1227,penicti01w,0.3317757009345794,G
1228,penicti01w,0.2044198895027624,G
1229,pennjo01w,0.2986111111111111,F
1230,pennjo01w,1.3333333333333333,F
1231,perkiji01w,0.1764705882352941,G
1232,perkiji01w,0.3232758620689655,G
1233,perkiji01w,0.3353151010701545,G
1234,perkiji01w,0.5065616797900262,G
1235,perkiji01w,0.5327793167128347,G
1236,perkiji01w,0.4833512352309345,G
1237,pettibr01w,0.3241852487135506,G
1238,pettibr01w,0.3460764587525151,G
1239,pettibr01w,0.3013333333333333,G
1240,pettibr01w,0.3310810810810811,G
1241,pettibr01w,0.208955223880597,G
1242,philler01w,0.2959349593495935,G
1243,philler01w,0.4767441860465116,G
1244,philler01w,0.3486486486486486,G
1245,phillta01w,0.4366053169734151,F-C
1246,phillta01w,0.4661582459485224,F-C
1247,phillta01w,0.4469772051536174,F-C
1248,phillta01w,0.3601161665053243,F-C
1249,phillta01w,0.2797427652733119,F-C
1250,phillta01w,0.3032786885245901,F-C
1251,phillta01w,0.2657657657657657,F-C
1252,phillta01w,0.2857142857142857,F-C
1253,pierspl01w,0.3289036544850498,F-C
1254,pierspl01w,0.361145703611457,F-C
1255,pierspl01w,0.4009009009009009,F-C
1256,pierspl01w,0.2893081761006289,F-C
1257,pierspl01w,0.3893805309734513,F-C
1258,pierspl01w,0.4615384615384615,F-C
1259,pierspl01w,0.5115562403697997,F-C
1260,pierspl01w,0.0,F-C
1261,pondeca01w,0.584817244611059,G
1262,pondeca01w,0.5507246376811594,G
1263,pondeca01w,0.6776447105788423,G
1264,pondeca01w,0.6027906976744186,G
1265,potthan01w,0.0,F
1266,powelel01w,0.207492795389049,G
1267,powelel01w,0.338388625592417,G
1268,powelel01w,0.3727959697732997,G
1269,powelel01w,0.2857142857142857,G
1270,powelel01w,0.3155650319829424,G
1271,powelel01w,0.175,G
1272,powelel01w,0.2429210134128167,G
1273,powelel01w,0.2749003984063745,G
1274,powelel01w,0.1166666666666666,G
1275,powelel01w,0.1857585139318885,G
1276,powelel01w,0.1853035143769968,G
1277,powelni01w,0.34375,F
1278,powelni01w,0.3684210526315789,F
1279,powelni01w,0.3690744920993228,F
1280,powelni01w,0.4421906693711968,F
1281,powelni01w,0.4904661016949153,F
1282,powelni01w,0.5478260869565217,F
1283,pricear01w,0.3012318029115342,G-F
1284,pricear01w,0.3079947575360419,G-F
1285,pricear01w,0.1632653061224489,G-F
1286,pricear01w,0.2376543209876543,G-F
1287,pridely01w,0.2467532467532467,F-G
1288,pridely01w,0.2384291725105189,F-G
1289,pridely01w,0.2088285229202037,F-G
1290,pridely01w,0.0357142857142857,F-G
1291,pridely01w,0.2575757575757575,F-G
1292,pringla01w,0.3395225464190981,F-C
1293,pringla01w,0.2327044025157232,F-C
1294,queenbr01w,0.2,F
1295,queenbr01w,0.0555555555555555,F
1296,quiglal01w,0.29,G
1297,quiglal01w,0.3125,G
1298,quinnno01w,0.1432835820895522,G
1299,quinnno01w,0.2176360225140713,G
1300,quinnno01w,0.3057050592034445,G
1301,quinnte01w,0.1271186440677966,F
1302,radunha01w,0.4444444444444444,C
1303,raglafe01w,0.3263888888888889,G
1304,raglafe01w,0.1282051282051282,G
1305,raglafe01w,0.2282398452611218,G
1306,raglafe01w,0.0,G
1307,randase01w,0.3393665158371041,G
1308,randase01w,0.2925764192139738,G
1309,randase01w,0.4296296296296296,G
1310,randase01w,0.2595870206489675,G
1311,randase01w,0.2943722943722944,G
1312,rasmukr01w,0.2775330396475771,F
1313,rasmukr01w,0.0,F
1314,rasmukr01w,0.1802884615384615,F
1315,rasmukr01w,0.2522255192878338,F
1316,rasmukr01w,0.2776412776412776,F
1317,rasmukr01w,0.2196531791907514,F
1318,rasmukr01w,0.2068965517241379,F
1319,rasmukr01w,0.2318007662835249,F
1320,rasmukr01w,0.1607929515418502,F
1321,rasmukr01w,0.2183908045977011,F
1322,rasmukr01w,0.2010178117048346,F
1323,raymost01w,0.3388888888888889,G
1324,reddja01w,0.3617571059431524,F
1325,reddja01w,0.3505311077389985,F
1326,reddja01w,0.4642857142857143,F
1327,reedbr01w,0.5577981651376147,F
1328,reedbr01w,0.2307692307692307,F
1329,reedbr01w,0.4470588235294118,F
1330,reidtr01w,0.3403225806451613,F
1331,reidtr01w,0.2877697841726618,F
1332,reidtr01w,0.2684085510688836,F
1333,reidtr01w,0.1666666666666666,F
1334,rileyru01w,0.2728410513141426,C
1335,rileyru01w,0.2851637764932562,C
1336,rileyru01w,0.328643216080402,C
1337,rileyru01w,0.3645130183220829,C
1338,rileyru01w,0.2935672514619883,C
1339,rileyru01w,0.2845714285714286,C
1340,rileyru01w,0.2276843467011643,C
1341,rileyru01w,0.2637931034482759,C
1342,rileyru01w,0.2507692307692307,C
1343,rizzoje01w,0.137299771167048,G
1344,rizzoje01w,0.25,G
1345,rizzoje01w,0.256115107913669,G
1346,rizzoje01w,0.1123809523809523,G
1347,robinas01w,0.1307692307692307,C
1348,robinas01w,0.1562974203338391,C
1349,robinas01w,0.1693548387096774,C
1350,robinas01w,0.1065989847715736,C
1351,robinas01w,0.1173594132029339,C
1352,robinas01w,0.0881458966565349,C
1353,robinas01w,0.0718562874251497,C
1354,robincr01w,0.3296398891966759,F-G
1355,robincr01w,0.3489795918367347,F-G
1356,robincr01w,0.3539325842696629,F-G
1357,robincr01w,0.3664192949907235,F-G
1358,robincr01w,0.3808988764044944,F-G
1359,robincr01w,0.2414860681114551,F-G
1360,robincr01w,0.2737276478679505,F-G
1361,robincr01w,0.0588235294117647,F-G
1362,robinre01w,0.8,G
1363,rolanja01w,0.1907514450867052,G-F
1364,rossad01w,0.2857142857142857,G
1365,rushle01w,0.25,F
1366,salesny01w,0.4321608040201005,G-F
1367,salesny01w,0.4167468719923003,G-F
1368,salesny01w,0.4136276391554702,G-F
1369,salesny01w,0.4954792043399638,G-F
1370,salesny01w,0.4717153284671533,G-F
1371,salesny01w,0.4953445065176908,G-F
1372,salesny01w,0.4696223316912972,G-F
1373,salesny01w,0.44750656167979,G-F
1374,sampsch01w,0.2714285714285714,G
1375,samsh01w,0.4380530973451327,F-G
1376,samsh01w,0.4036363636363636,F-G
1377,samsh01w,0.4315004659832246,F-G
1378,samsh01w,0.3924449108079748,F-G
1379,samsh01w,0.3045186640471513,F-G
1380,samsh01w,0.36,F-G
1381,samsh01w,0.3626262626262626,F-G
1382,samsh01w,0.2774957698815566,F-G
1383,samsh01w,0.1924686192468619,F-G
1384,sanchis01w,0.3548387096774194,G
1385,sandeam01w,0.2222222222222222,G
1386,sanfona01w,0.3656716417910448,F-C
1387,sanfona01w,0.2588055130168453,F-C
1388,sanfona01w,0.3003412969283277,F-C
1389,sanfona01w,0.3401129943502824,F-C
1390,sanfona01w,0.3772635814889336,F-C
1391,sanfona01w,0.2880503144654088,F-C
1392,sanfona01w,0.3212669683257919,F-C
1393,santoal01w,0.2727272727272727,C
1394,santoal01w,0.2096774193548387,C
1395,santoke01w,0.3398692810457516,F
1396,santoke01w,0.2603550295857988,F
1397,santoke01w,0.3507462686567164,F
1398,sarenra01w,0.4507042253521127,C
1399,sauerpa01w,0.303030303030303,C
1400,sauerpa01w,0.5,C
1401,sauerpa01w,0.0,C
1402,saundja01w,0.2687747035573122,F
1403,saundja01w,0.3278145695364238,F
1404,saureau01w,0.167032967032967,G
1405,saureau01w,0.1454545454545454,G
1406,schumke01w,0.2947368421052631,C
1407,schumke01w,0.3068181818181818,C
1408,schumke01w,0.39375,C
1409,schumke01w,0.3727121464226289,C
1410,schumke01w,0.2616279069767442,C
1411,schumke01w,0.3024118738404452,C
1412,schumke01w,0.2780847145488029,C
1413,schumke01w,0.1573033707865168,C
1414,schumke01w,0.0,C
1415,schwege01w,0.2056737588652482,G-F
1416,schwege01w,0.243614931237721,G-F
1417,schwege01w,0.1271186440677966,G-F
1418,scottol01w,0.2710027100271002,C
1419,scottol01w,0.3612903225806451,C
1420,scottol01w,0.2994871794871795,C
1421,scottol01w,0.1834170854271356,C
1422,scottol01w,0.2235294117647059,C
1423,scottol01w,0.3144654088050314,C
1424,scottol01w,0.25,C
1425,scottol01w,0.2318840579710145,C
1426,shakiel01w,0.38,F-C
1427,shakiel01w,0.1871921182266009,F-C
1428,shakiel01w,0.2,F-C
1429,sharpkb01w,0.236180904522613,G
1430,sharpkb01w,0.1208333333333333,G
1431,sharpkb01w,0.1419354838709677,G
1432,sharpkb01w,0.2400881057268722,G
1433,sharpkb01w,0.177257525083612,G
1434,sharpkb01w,0.2153846153846154,G
1435,shielas01w,0.4506578947368421,G
1436,shielas01w,0.5,G
1437,shielas01w,0.1666666666666666,G
1438,slaisma01w,0.5714285714285714,G
1439,slauggw01w,0.2857142857142857,F
1440,slavtge01w,0.0,G
1441,smithai01w,0.2464454976303317,F
1442,smithai01w,0.2853598014888337,F
1443,smithbr01w,0.3059701492537313,F-C
1444,smithbr01w,0.1458333333333333,F-C
1445,smithch02w,0.2367223065250379,F
1446,smithch02w,0.252212389380531,F
1447,smithch02w,0.2876404494382023,F
1448,smithch02w,0.2144469525959368,F
1449,smithch02w,0.2865916069600819,F
1450,smithch02w,0.2374517374517374,F
1451,smithch02w,0.2023121387283237,F
1452,smithch03w,0.1007751937984496,G
1453,smithch03w,0.098471986417657,G
1454,smithch03w,0.0,G
1455,smithcr01w,0.3045685279187817,G
1456,smithcr01w,0.2489019033674963,G
1457,smithcr01w,,G
1458,smithcr01w,0.3086734693877551,G
1459,smithje01w,0.0,C
1460,smithka01w,0.5414920368818106,G-F
1461,smithka01w,0.5988654781199352,G-F
1462,smithka01w,0.4499121265377855,G-F
1463,smithka01w,0.5232067510548524,G-F
1464,smithka01w,0.54,G-F
1465,smithka01w,0.3147208121827411,G-F
1466,smithka01w,0.3994778067885117,G-F
1467,smithka01w,0.3500439753737907,G-F
1468,smithka01w,0.385934819897084,G-F
1469,smithka01w,0.4340277777777778,G-F
1470,smithka01w,0.412751677852349,G-F
1471,smithki01w,0.2364217252396166,F
1472,smithki01w,0.0,F
1473,smithki01w,0.2307692307692307,F
1474,smithla01w,0.4166666666666667,G
1475,smithta01w,0.4194594594594594,F-C
1476,smithta01w,0.3925438596491228,F-C
1477,smithta01w,0.4412041392285983,F-C
1478,smithta01w,0.4361054766734279,F-C
1479,smithta01w,0.4185022026431718,F-C
1480,smithta01w,0.3960489181561618,F-C
1481,smithta01w,0.4578189300411522,F-C
1482,smithta01w,0.3992537313432835,F-C
1483,smithta01w,0.3836565096952908,F-C
1484,smithta01w,0.3652173913043478,F-C
1485,smithwa01w,,G
1486,snellbe01w,0.2876106194690265,G
1487,snellbe01w,0.4,G
1488,snellbe01w,0.3119533527696793,G
1489,snellbe01w,0.3381555153707052,G
1490,snowmi01w,0.2604166666666667,C
1491,snowmi01w,0.3063414634146341,C
1492,snowmi01w,0.3090705487122061,C
1493,snowmi01w,0.4099378881987577,C
1494,snowmi01w,0.4442211055276382,C
1495,snowmi01w,0.4103139013452915,C
1496,snowmi01w,0.3925233644859813,C
1497,snowmi01w,0.36779324055666,C
1498,spencsi01w,0.394927536231884,G
1499,spencsi01w,0.3858093126385809,G
1500,spencsi01w,0.2911764705882353,G
1501,spornra01w,0.1547169811320754,F
1502,stafftr01w,0.3095890410958904,F
1503,stafftr01w,0.2105263157894736,F
1504,staleda01w,0.2565969062784349,G
1505,staleda01w,0.2586805555555556,G
1506,staleda01w,0.2620169651272384,G
1507,staleda01w,0.2476979742173112,G
1508,staleda01w,0.2642169728783902,G
1509,staleda01w,0.2134502923976608,G
1510,staleda01w,0.1493212669683258,G
1511,staleda01w,0.2455795677799607,G
1512,stansti01w,0.2608695652173913,F-C
1513,stansti01w,0.2974828375286041,F-C
1514,starbka01w,0.3441176470588235,G
1515,starbka01w,0.3516129032258064,G
1516,starbka01w,0.2849462365591398,G
1517,starbka01w,0.2954545454545454,G
1518,starbka01w,0.1709401709401709,G
1519,stedika01w,0.2944983818770226,F-G
1520,stedika01w,0.2595419847328244,F-G
1521,stepama01w,0.3352941176470588,C
1522,stepama01w,0.4098159509202454,C
1523,stepama01w,0.3960880195599022,C
1524,stephst01w,0.1111111111111111,C
1525,stevema01w,0.1467181467181467,F-C
1526,stevema01w,0.1132075471698113,F-C
1527,stevema01w,0.1666666666666666,F-C
1528,stileja01w,0.4672531769305962,G
1529,stileja01w,0.3272251308900523,G
1530,stinsan01w,0.5031166518254675,G
1531,stinsan01w,0.4473161033797216,G
1532,stinsan01w,0.4326315789473684,G
1533,stinsan01w,0.377,G
1534,stinsan01w,0.2612612612612612,G
1535,stinsan01w,0.2156862745098039,G
1536,stiresh01w,0.2991452991452991,F
1537,stiresh01w,0.2537313432835821,F
1538,stiresh01w,0.2727272727272727,F
1539,stockta01w,0.2727272727272727,F-C
1540,streiju01w,0.285377358490566,F
1541,streiju01w,0.347949080622348,F
1542,streiju01w,0.271137026239067,F
1543,strotan01w,0.4102564102564102,G-F
1544,strotan01w,0.4057971014492754,G-F
1545,strotan01w,0.24375,G-F
1546,summela01w,0.2325581395348837,C
1547,summela01w,0.2311977715877437,C
1548,sun-mju01w,0.2542372881355932,C
1549,suttota01w,0.3255813953488372,C
1550,suttota01w,0.431638418079096,C
1551,suttota01w,0.3310185185185185,C
1552,suttota01w,0.3350515463917525,C
1553,suttota01w,0.3585118376550169,C
1554,suttota01w,0.41875,C
1555,suttota01w,0.4755813953488372,C
1556,suttota01w,0.4069037656903765,C
1557,suttota01w,0.3911764705882353,C
1558,swanike01w,0.1774891774891775,G
1559,swanike01w,0.2396907216494845,G
1560,swoopsh01w,0.5899082568807339,F-G
1561,swoopsh01w,0.512998266897747,F-G
1562,swoopsh01w,0.4464944649446494,F-G
1563,swoopsh01w,0.4289719626168224,F-G
1564,swoopsh01w,0.5012244897959184,F-G
1565,swoopsh01w,0.4338433843384338,F-G
1566,swoopsh01w,0.2169811320754717,F-G
1567,swoopsh01w,0.2903682719546742,F-G
1568,tateso01w,0.2872340425531915,G
1569,tauradi01w,0.511504424778761,F-G
1570,tauradi01w,0.4839302112029385,F-G
1571,tauradi01w,0.7465277777777778,F-G
1572,tauradi01w,0.5980487804878049,F-G
1573,tauradi01w,0.7571560480147738,F-G
1574,tauradi01w,0.6465163934426229,F-G
1575,tayloli01w,0.1153846153846153,C
1576,taylope01w,0.409982174688057,F
1577,taylope01w,0.4306167400881057,F
1578,taylope01w,0.443207126948775,F
1579,taylope01w,0.4033457249070632,F
1580,taylope01w,0.448356807511737,F
1581,taylope01w,0.5167910447761194,F
1582,taylope01w,0.599009900990099,F
1583,taylope01w,0.5406360424028268,F
1584,teaslni01w,0.2312925170068027,G
1585,teaslni01w,0.3296888141295206,G
1586,teaslni01w,0.3040723981900452,G
1587,teaslni01w,0.2558983666061706,G
1588,teaslni01w,0.3733333333333333,G
1589,teaslni01w,0.2305630026809651,G
1590,teaslni01w,0.1666666666666666,G
1591,teaslni01w,0.1891891891891892,G
1592,teilaza01w,0.2761904761904762,C
1593,terryka01w,0.4339622641509434,C-F
1594,terryka01w,0.1666666666666666,C-F
1595,terryka01w,0.3345454545454545,C-F
1596,terryka01w,0.0833333333333333,C-F
1597,thomaca01w,0.3524590163934426,F
1598,thomach01w,0.3016453382084095,C
1599,thomach01w,0.2346153846153846,C
1600,thomach01w,0.3042671614100185,C
1601,thomach01w,0.4484375,C
1602,thomach01w,0.1823899371069182,C
1603,thomach01w,0.0454545454545454,C
1604,thomala01w,0.4049295774647887,F
1605,thomala01w,0.4564315352697095,F
1606,thomala01w,0.3663366336633663,F
1607,thomala01w,0.4254742547425474,F
1608,thomala01w,0.4271047227926078,F
1609,thomala01w,0.2,F
1610,thomala01w,0.3197278911564626,F
1611,thomast01w,0.1888760139049826,F
1612,thomast01w,0.1428571428571428,F
1613,thomast01w,0.2302737520128824,F
1614,thomast01w,0.1829268292682926,F
1615,thomast01w,0.2459893048128342,F
1616,thomast01w,0.0,F
1617,thomast01w,0.0902255639097744,F
1618,thomast01w,0.0,F
1619,thompal01w,0.3914141414141414,F
1620,thompal01w,0.4881889763779528,F
1621,thompal01w,0.3089171974522293,F
1622,thompal01w,0.2857142857142857,F
1623,thompal01w,0.2522796352583586,F
1624,thompti01w,0.4967801287948482,F
1625,thompti01w,0.5254083484573503,F
1626,thompti01w,0.4610266159695818,F
1627,thompti01w,0.4845995893223819,F
1628,thompti01w,0.5514316012725344,F
1629,thompti01w,0.3462414578587699,F
1630,thompti01w,0.5632183908045977,F
1631,thompti01w,0.5178282009724473,F
1632,thompti01w,0.5046554934823091,F
1633,thompti01w,0.3730964467005076,F
1634,thorbsh01w,0.1134751773049645,G
1635,thorbsh01w,0.25,G
1636,thorner01w,0.2430939226519337,G
1637,thorner01w,0.2179487179487179,G
1638,thorner01w,0.2758620689655172,G
1639,thorner01w,0.4391534391534391,G
1640,thorner01w,0.318233295583239,G
1641,thorner01w,0.2657894736842105,G
1642,thorner01w,0.365684575389948,G
1643,threaro01w,0.4111405835543766,G
1644,tilliic01w,0.289198606271777,C-F
1645,tilliic01w,0.3359375,C-F
1646,tilliic01w,0.1538461538461538,C-F
1647,tilliic01w,0.0,C-F
1648,timmsmi01w,0.1704545454545454,G
1649,timmsmi01w,0.2401960784313725,G
1650,tolivkr01w,0.5310880829015544,G
1651,torniel01w,0.379746835443038,F
1652,torniel01w,0.3951093951093951,F
1653,torrele01w,0.0,C
1654,traviti01w,0.3013937282229965,G-F
1655,tremich01w,0.1572327044025157,G
1656,turneba01w,0.3472668810289389,G-F
1657,turneba01w,0.3498098859315589,G-F
1658,turneba01w,0.4117647058823529,G-F
1659,turneba01w,0.1944444444444444,G-F
1660,tuvicsl01w,0.1661538461538461,C
1661,tuvicsl01w,0.26875,C
1662,tuvicsl01w,0.347945205479452,C
1663,tuvicsl01w,0.1316931982633864,C
1664,udokamf01w,0.3187250996015936,F
1665,udokamf01w,0.0526315789473684,F
1666,ujhelpe01w,0.0588235294117647,F-C
1667,umoh-it01w,0.0,G
1668,valdeam01w,0.3333333333333333,F
1669,vangomi01w,0.3467336683417085,C
1670,vangomi01w,0.1687242798353909,C
1671,vangomi01w,0.2840909090909091,C
1672,vangomi01w,0.3314393939393939,C
1673,vangomi01w,0.3333333333333333,C
1674,vaughki01w,0.4116161616161616,C
1675,vaughkr01w,0.1538461538461538,F
1676,vealkr01w,0.1762917933130699,G
1677,vealkr01w,0.1966759002770083,G
1678,vilipda01w,0.0,F-C
1679,vodicka01w,0.4089979550102249,F-C
1680,vodicka01w,0.3703703703703703,F-C
1681,vodicka01w,0.3610771113831089,F-C
1682,vodicka01w,0.4005641748942172,F-C
1683,vodicka01w,0.3127147766323024,F-C
1684,vodicka01w,0.3714981729598051,F-C
1685,vodicka01w,0.3695652173913043,F-C
1686,vodopna01w,0.2551020408163265,F
1687,walkeas01w,0.2555555555555555,F-C
1688,walkeay01w,0.2956204379562044,F
1689,walkeay01w,0.2066420664206642,F
1690,walkeay01w,0.1216216216216216,F
1691,walkeay01w,0.1304347826086956,F
1692,walkeay01w,0.2448132780082987,F
1693,walkeay01w,0.2541436464088398,F
1694,walkeay01w,0.1627906976744186,F
1695,walkede01w,0.2958199356913183,F
1696,walkede01w,0.3804713804713804,F
1697,walkede01w,0.3997641509433962,F
1698,walkede01w,0.4148648648648648,F
1699,walkede01w,0.3212669683257919,F
1700,walkede01w,0.520066889632107,F
1701,walkede01w,0.4863013698630137,F
1702,walkede01w,0.419047619047619,F
1703,walkede01w,0.2115384615384615,F
1704,walkede01w,0.3544457978075517,F
1705,walkema01w,0.0,C
1706,walsema01w,0.5,F
1707,walsema01w,0.125,F
1708,washico01w,0.1822033898305084,G
1709,washico01w,0.1668311944718657,G
1710,washico01w,0.1260744985673352,G
1711,washico01w,0.2461538461538461,G
1712,washico01w,0.1810344827586207,G
1713,washito01w,0.2524271844660194,F
1714,washito01w,0.3005952380952381,F
1715,washito01w,0.2508591065292096,F
1716,washito01w,0.2727272727272727,F
1717,washito01w,0.198019801980198,F
1718,wautean01w,0.3327759197324414,C
1719,wautean01w,0.3762057877813505,C
1720,wautean01w,0.3915211970074813,C
1721,wautean01w,0.3025830258302583,C
1722,wautean01w,0.4357224118316268,C
1723,wautean01w,0.4806122448979592,C
1724,wautean01w,0.4751619870410367,C
1725,weathte01w,0.1901669758812616,G
1726,weathte01w,0.2125256673511293,G
1727,weathte01w,0.1132075471698113,G
1728,weathte01w,0.1189320388349514,G
1729,weathte01w,0.0582191780821917,G
1730,webbum01w,0.2205128205128205,G-F
1731,weberma01w,0.0,C
1732,weckeke01w,0.3636363636363636,F
1733,weckeke01w,0.328719723183391,F
1734,weckeke01w,0.2191780821917808,F
1735,weckeke01w,0.1041666666666666,F
1736,whaleli01w,0.2906976744186046,G
1737,whaleli01w,0.3925501432664756,G
1738,whaleli01w,0.3437862950058072,G
1739,whaleli01w,0.4365384615384615,G
1740,whaleli01w,0.4790748898678414,G
1741,whaleli01w,0.419,G
1742,whitede01w,0.1952380952380952,F
1743,whitede01w,0.1777777777777777,F
1744,whiteer01w,0.284037558685446,G
1745,whiteer01w,0.1111111111111111,G
1746,whiteta01w,0.3492063492063492,G
1747,whiteta01w,0.4053691275167785,G
1748,whiteta01w,0.4375743162901307,G
1749,whiteta01w,0.3668903803131991,G
1750,whiteta01w,0.4324734446130501,G
1751,whitiva01w,0.1904761904761904,C-F
1752,whitiva01w,0.25,C-F
1753,whitmta01w,0.4020319303338171,F
1754,whitmta01w,0.300531914893617,F
1755,whitmta01w,0.4155578300921187,F
1756,whitmta01w,0.3292831105710814,F
1757,whitmta01w,0.3529411764705882,F
1758,whitmta01w,0.35659760087241,F
1759,whitmta01w,0.499526963103122,F
1760,whitmta01w,0.4204545454545454,F
1761,whitmta01w,0.4709110867178924,F
1762,whitmta01w,0.2792553191489361,F
1763,whittje01w,0.0,C
1764,whittkh01w,0.2311827956989247,F
1765,whittkh01w,0.48,F
1766,wickssu01w,0.2294117647058823,F
1767,wickssu01w,0.260797342192691,F
1768,wickssu01w,0.1542056074766355,F
1769,widemja01w,0.0,G
1770,wiggica01w,0.5728155339805825,G
1771,wiggica01w,0.4385447394296952,G
1772,wilkibr01w,0.4285714285714285,C
1773,wilkibr01w,,C
1774,williad01w,0.2222222222222222,F-C
1775,williad01w,0.256,F-C
1776,williad01w,0.2277904328018223,F-C
1777,williad01w,0.3390862944162436,F-C
1778,williad01w,0.4482758620689655,F-C
1779,williad01w,0.2147651006711409,F-C
1780,williad01w,0.3217213114754098,F-C
1781,williad01w,0.3464696223316913,F-C
1782,williad01w,0.3013100436681222,F-C
1783,willian01w,0.2684563758389262,G
1784,willian01w,0.3082706766917293,G
1785,willibe01w,0.0,G
1786,willile01w,0.3885714285714285,F
1787,willile01w,0.2637362637362637,F
1788,willile01w,0.3014354066985646,F
1789,willile01w,0.18125,F
1790,willile01w,0.4112709832134292,F
1791,willile01w,0.4768583450210378,F
1792,willile02w,0.4124293785310734,G-F
1793,willili01w,0.346875,G
1794,willili01w,0.2337662337662337,G
1795,willili01w,0.3885350318471338,G
1796,willili01w,0.4170305676855895,G
1797,willili01w,0.0,G
1798,willina01w,0.5226179018286814,F-C
1799,willina01w,0.412593984962406,F-C
1800,willina01w,0.3482142857142857,F-C
1801,willina01w,0.4335863377609108,F-C
1802,willina01w,0.3650627615062761,F-C
1803,willina01w,0.3121890547263681,F-C
1804,williri01w,0.3471400394477317,G
1805,williri01w,0.3646833013435701,G
1806,williri01w,0.2235294117647059,G
1807,williri01w,0.2479338842975206,G
1808,williri01w,0.2047244094488189,G
1809,willish01w,0.2139737991266375,G
1810,willita01w,0.4597701149425287,G
1811,willito01w,0.13189448441247,G
1812,williwe01w,0.3617021276595745,G
1813,wilsoam01w,0.2222222222222222,F
1814,wirthch01w,0.1833333333333333,F
1815,wisdoli01w,0.350253807106599,F
1816,witheso01w,0.5070688030160226,G
1817,witheso01w,0.4327146171693735,G
1818,witheso01w,0.4497206703910614,G
1819,witheso01w,0.2382978723404255,G
1820,wolteka01w,0.4665825977301387,C
1821,wolteka01w,0.3994708994708995,C
1822,wolteka01w,0.3076923076923077,C
1823,wolvean01w,0.4,F-C
1824,wrighsh01w,0.2345679012345679,F
1825,wrighsh01w,0.2716763005780346,F
1826,wrighta01w,0.231060606060606,G
1827,wrighta01w,0.2440944881889764,G
1828,wrighta01w,0.2541133455210237,G
1829,wrighta01w,0.3316831683168317,G
1830,wrighta01w,0.376865671641791,G
1831,wyckobr01w,0.1666666666666666,F
1832,wyckobr01w,0.1575875486381323,F
1833,wyckobr01w,0.2066225165562913,F
1834,wyckobr01w,0.1761744966442953,F
1835,wyckobr01w,0.144927536231884,F
1836,wyckobr01w,0.1884615384615384,F
1837,wyckobr01w,0.1262626262626262,F
1838,wyckobr01w,0.1563088512241054,F
1839,wynneda01w,0.6666666666666666,F
1840,yamasli01w,0.3537414965986394,G
1841,yamasli01w,0.1081081081081081,G
1842,yilmane01w,0.4117647058823529,F-C
1843,yilmane01w,0.2467532467532467,F-C
1844,youngca01w,0.3978494623655914,G
1845,youngca01w,0.4462365591397849,G
1846,youngso01w,0.3859981078524125,F
1847,youngso01w,0.5,F
1848,youngso01w,0.5464895635673624,F
1849,youngso01w,0.5390835579514824,F
1850,youngta01w,0.3221476510067114,F
1851,youngta01w,0.410958904109589,F
1852,youngta01w,0.3875968992248062,F
1853,zakalok01w,0.3449612403100775,C
1854,zakalok01w,0.2,C
1855,zakalok01w,0.1621621621621621,C
1856,zarafr01w,0.2179176755447942,G
1857,zellosh01w,0.5062344139650873,G
1858,zirkozu01w,0.3666666666666666,G
1859,zollsh01w,0.3333333333333333,G
